{"cameraMode":{"drawMode":0,"name":"Shaded","section":"Shading Mode"},"sceneLighting":false,"audioPlay":false,"sceneViewState":{"m_AlwaysRefresh":false,"showFog":true,"showSkybox":true,"showFlares":true,"showImageEffects":true,"showParticleSystems":true,"showVisualEffectGraphs":true,"m_FxEnabled":true},"in2DMode":false,"pivot":{"x":4.141173362731934,"y":-3.3734054565429689,"z":1.9860281944274903},"rotation":{"x":-0.3698131740093231,"y":0.025040017440915109,"z":-0.009969650767743588,"w":-0.9287147521972656},"size":11.876936912536621,"orthographic":false}