{"cameraMode":{"drawMode":0,"name":"Shaded","section":"Shading Mode"},"sceneLighting":false,"audioPlay":false,"sceneViewState":{"m_AlwaysRefresh":false,"showFog":true,"showSkybox":true,"showFlares":true,"showImageEffects":true,"showParticleSystems":true,"showVisualEffectGraphs":true,"m_FxEnabled":true},"in2DMode":false,"pivot":{"x":6.8171916007995609,"y":2.8089239597320558,"z":5.737475872039795},"rotation":{"x":0.09377136826515198,"y":0.6324682235717773,"z":-0.07752292603254318,"w":0.7649786472320557},"size":9.391502380371094,"orthographic":false}